market_id,question,yes_prob,volume,liquidity,affects_pharma_supply,source_countries,disruption_level,reasoning,evaluated_at
2309478,Will the highest temperature in Houston be between 74-75°F on May 22?,0.009,999.965618,5071.13028,FALSE,,NO DISRUPTION,"Weather conditions in Houston (e.g., temperature fluctuations) are unrelated to pharmaceutical supply chain disruptions, manufacturing, or export controls.",2026-05-21T15:08:58Z
2297327,Faurel vs. Clarke: Set 1 Games O/U 9.5,0.9995,99.99,5608.36606,FALSE,,NO DISRUPTION,"The tennis match between Thomas Faurel and Jay Clarke at Roland Garros is a sports event unrelated to pharmaceutical manufacturing, sourcing, or logistics.",2026-05-20T15:09:16Z
907790,Will Ralph Rebandt win the 2026 Michigan Governor Republican primary election?,0.0015,999.8882,3075.72436,FALSE,,NO DISRUPTION,"The 2026 Michigan Governor Republican primary election is unrelated to pharmaceutical supply chain dynamics, manufacturing, sourcing, or export controls.",2026-05-20T15:13:49Z
2300561,Will the match end in a draw?,0.415,9.9978,138.0493,FALSE,,NO DISRUPTION,"The event is unrelated to pharmaceutical supply chains, as it pertains to a sports match with no geopolitical, manufacturing, or trade implications for API/generics production or logistics.",2026-05-21T14:22:03Z
2304231,Will the Left Party (V) win the second most seats in the 2026 Swedish parliamentary election?,0.03,99.97,10348.56628,FALSE,,NO DISRUPTION,"Swedish parliamentary elections are domestic political events with no direct impact on global pharmaceutical manufacturing, sourcing, or export controls.",2026-05-20T16:45:29Z
2263172,Games Total: O/U 2.5,0.335,9.995453,5810.8519,FALSE,,NO DISRUPTION,"The LoL match between HANJIN BRION Challengers and T1 Academy is a sports event in South Korea, unrelated to pharmaceutical manufacturing, sourcing, or logistics.",2026-05-21T14:22:09Z
2146378,Will the match end in a draw?,0.26,9.995257,6.2995,FALSE,,NO DISRUPTION,"The event is unrelated to pharmaceutical supply chains, as it pertains to a sports match with no geopolitical, manufacturing, or trade implications for API/generics production or logistics.",2026-05-21T14:22:16Z
2146372,Will the match end in a draw?,0.325,9.995257,8.4995,FALSE,,NO DISRUPTION,"The event is unrelated to pharmaceutical supply chains, as it pertains to a sports match with no geopolitical, trade, or manufacturing implications for APIs, generics, or raw materials.",2026-05-21T14:22:22Z
1287614,Abstract FDV above $200M one day after launch?,0.77,99941.02371200004,7856.1658,FALSE,,NO DISRUPTION,"Abstract's governance token launch is unrelated to pharmaceutical supply chain operations, manufacturing, sourcing, or logistics.",2026-05-20T15:09:55Z
1163699,Clarity Act signed into law in 2026?,0.575,999285.116525995,28730.4634,FALSE,,NO DISRUPTION,"The Digital Asset Market Clarity Act (H.R.3633) focuses on cryptocurrency regulation and does not directly impact pharmaceutical manufacturing, raw material sourcing, or logistics.",2026-05-20T15:15:36Z
2074167,"Will Robinhood Markets, Inc. (HOOD) hit (LOW) $60 in May?",0.041,999.16526,2290.7718,FALSE,,NO DISRUPTION,"Robinhood Markets, Inc. (HOOD) is a fintech company with no direct or indirect involvement in pharmaceutical manufacturing, raw material sourcing, or logistics.",2026-05-21T14:22:33Z
1920386,Map 2: Odd/Even Total Kills?,0.5,9.99,0,FALSE,,NO DISRUPTION,"The event is unrelated to pharmaceutical supply chains, as it pertains to an esports match (likely *Valorant* or similar) with no geopolitical, trade, or manufacturing implications.",2026-05-20T15:10:38Z
2299416,Will the highest temperature in Miami be between 82-83°F on May 21?,5e-4,998.642811,87849.22315,FALSE,,NO DISRUPTION,"Weather conditions in Miami (e.g., temperature fluctuations) do not directly impact pharmaceutical supply chains, manufacturing, sourcing, or export controls.",2026-05-21T15:11:10Z
2277801,"Will ""Habibti"" - Drake debut week album sales be between 140k and 160k?",0.012,9986.137376,2890.72779,FALSE,,NO DISRUPTION,"Drake's album release is an entertainment event unrelated to pharmaceutical manufacturing, sourcing, or logistics.",2026-05-21T15:51:15Z
2296557,ITF Kayseri: Haydar Cem Gokpinar vs Ammar Faleh Alhogbani,0.153,99.843702,51.23285,FALSE,,NO DISRUPTION,"The ITF Men Kayseri tennis match between Haydar Cem Gokpinar and Ammar Faleh Alhogbani is a sports event unrelated to pharmaceutical manufacturing, raw material sourcing, or logistics.",2026-05-21T14:22:45Z
2309310,Will the highest temperature in Tokyo be 18°C on May 22?,0.185,998.391338,994.1073,FALSE,,NO DISRUPTION,"Tokyo's weather conditions (e.g., temperature fluctuations) are unrelated to pharmaceutical supply chain operations, manufacturing, or trade disruptions.",2026-05-21T15:51:20Z
1349151,Will D.C. United win the 2026 MLS Cup?,0.0105,9980.820877,23018.66868,FALSE,,NO DISRUPTION,"The 2026 MLS Cup is a sports event unrelated to pharmaceutical manufacturing, raw material sourcing, or logistics, with no direct impact on global API/generics supply chains.",2026-05-20T15:12:25Z
1186445,Will Monero hit $1000 in 2026?,0.16,99792.151905,6028.7987,FALSE,,NO DISRUPTION,"Monero (XMR) price volatility is unrelated to pharmaceutical supply chain dynamics, manufacturing, or export controls.",2026-05-20T15:13:54Z
2054249,Will Jean Castex be on the ballot for the 2027 French presidential election?,0.0955,997.808117,4893.76243,FALSE,,NO DISRUPTION,"French presidential elections are domestic political events with no direct impact on global pharmaceutical manufacturing, sourcing, or export controls.",2026-05-20T15:11:56Z
2271817,Will NVIDIA (NVDA) hit (LOW) $200 Week of May 18 2026?,0.03,997.579139,4291.1788,FALSE,,NO DISRUPTION,"NVIDIA's stock price volatility is unrelated to pharmaceutical supply chain dynamics, manufacturing, raw material sourcing, or export controls.",2026-05-21T14:22:57Z
2242380,Will annual inflation be 3.7% in May?,0.0035,9975.325420999994,9483.71448,FALSE,,NO DISRUPTION,"Inflation rates are macroeconomic indicators unrelated to direct pharmaceutical supply chain disruptions, manufacturing, or export controls.",2026-05-21T14:23:02Z
1281093,Will the Democratic Party win the CA-24 House seat?,0.935,9974.012221,10289.9345,FALSE,,NO DISRUPTION,"The CA-24 House seat election in California is unrelated to pharmaceutical manufacturing, raw material sourcing, or global API/generics trade dynamics.",2026-05-20T15:13:41Z
2309198,Will the highest temperature in New York City be between 66-67°F on May 22?,0.295,997.2028960000004,1485.0543,FALSE,,NO DISRUPTION,"Weather conditions in New York City, including temperature fluctuations, do not directly impact pharmaceutical supply chains, manufacturing, or global sourcing/export logistics.",2026-05-21T14:33:09Z
704289,Will Liban Mohamed be the Democratic nominee for UT-01?,0.044,997.130329,3474.08422,FALSE,,NO DISRUPTION,"The Democratic primary for UT-01 congressional district is an internal U.S. political election with no direct implications for pharmaceutical manufacturing, sourcing, or global supply chains.",2026-05-20T15:15:30Z
2303152,Canadiens vs. Hurricanes: O/U 6.5,0.405,997.001886,51264.1613,FALSE,,NO DISRUPTION,"The NHL game between Canadiens and Hurricanes is a sports event unrelated to pharmaceutical manufacturing, sourcing, or logistics.",2026-05-21T14:27:34Z
2310904,Besiktas vs. Galatasaray,0.74,99.7,224.4624,FALSE,,NO DISRUPTION,"The Turkey BSL football match is a sports event unrelated to pharmaceutical manufacturing, sourcing, or logistics in key pharma nations.",2026-05-21T14:23:13Z
561234,Will Marco Rubio win the 2028 US Presidential Election?,0.1225,9960032.992567005,154419.31191,FALSE,,NO DISRUPTION,"A US presidential election outcome, even with a major shift like Marco Rubio winning, does not inherently trigger direct disruptions to global pharmaceutical manufacturing, raw material sourcing, or export controls.",2026-05-20T15:15:52Z
2071510,2026 FIFA World Cup: Winless Team?,0.965,995.862719,9492.36699,FALSE,,NO DISRUPTION,"The 2026 FIFA World Cup is a sports event in the USA, Canada, and Mexico with no direct impact on pharmaceutical manufacturing, raw material sourcing, or export controls in key pharma-producing nations.",2026-05-20T15:14:00Z
1193230,Will Anže Logar be the next Prime Minister of Slovenia?,0.004,995418.4131400012,7165.50003,FALSE,,NO DISRUPTION,"Slovenia is not a major pharmaceutical manufacturing or API/export hub, and its political leadership changes have no direct impact on global pharma supply chains.",2026-05-20T15:14:13Z
1012320,Will Sunrisers Hyderabad win the 2026 Indian Premier League?,0.2005,99534.90413400024,9160.60068,FALSE,,NO DISRUPTION,"The 2026 Indian Premier League (IPL) is a sports event unrelated to pharmaceutical manufacturing, sourcing, or logistics, with no direct impact on global API/generics supply chains.",2026-05-20T15:19:45Z
2099670,Will SpaceX have 14 or more launches in May?,0.0095,995.3077950000004,1561.88872,FALSE,,NO DISRUPTION,"SpaceX launches are unrelated to pharmaceutical supply chain operations, manufacturing, or trade in APIs/generics.",2026-05-21T15:09:14Z
2319927,Will the highest temperature in Milan be 24°C on May 23?,0.002,995.2754,5115.556,FALSE,,NO DISRUPTION,"Weather conditions in Milan (e.g., temperature fluctuations) do not directly impact pharmaceutical supply chains, manufacturing, or logistics of APIs, raw materials, or finished drugs.",2026-05-21T14:23:24Z
2251774,Will Claude Code Commits hit (LOW) 300.0k by May 31?,0.215,995.26296,592.8564,FALSE,,NO DISRUPTION,"Claude Code Commits is unrelated to pharmaceutical supply chain operations, manufacturing, sourcing, or logistics.",2026-05-21T14:23:29Z
2228270,Spread: West Ham United FC (-2.5),0.12,99.525638,4729.8375,FALSE,,NO DISRUPTION,"The Premier League football match between West Ham United FC and Leeds United FC is a sports event unrelated to pharmaceutical manufacturing, raw material sourcing, or logistics.",2026-05-21T15:51:26Z
565064,Will the Republicans win the 2028 US Presidential Election?,0.385,994905.4368449956,315151.9925,TRUE,USA; China; India; Germany; Ireland; Japan; South Korea,SMALL DISRUPTION,"Potential US policy shifts under a Republican administration could introduce tariffs, stricter export controls (e.g., ITAR/EAR expansions), or trade restrictions on China/India APIs, while regulatory delays or localized strikes in key manufacturing hubs (e.g., Ireland, Germany) may disrupt supply chains.",2026-05-20T15:14:08Z
2086905,Will Chicago Fire FC vs. Toronto FC end in a draw?,0.195,99.461834,224506.1592,FALSE,,NO DISRUPTION,"The Chicago Fire FC vs. Toronto FC soccer match is a sports event unrelated to pharmaceutical manufacturing, raw material sourcing, or logistics.",2026-05-20T15:20:57Z
572854,Will West Ham be relegated from the English Premier League after the 2025–26 season?,0.345,99457.20473199993,8564.0611,FALSE,,NO DISRUPTION,"West Ham's relegation from the English Premier League is a sports-related event with no direct or indirect impact on pharmaceutical supply chains, manufacturing, or trade.",2026-05-20T15:14:19Z
2000381,Will The Super Mario Galaxy Movie have the best domestic opening week in 2026?,0.0605,994.288933,4326.44776,FALSE,,NO DISRUPTION,"The release of *The Super Mario Galaxy* movie is an entertainment event unrelated to pharmaceutical manufacturing, raw material sourcing, or logistics, with no direct or indirect impact on global API/generics supply chains.",2026-05-21T14:23:41Z
1981583,Will Mark Kelly be the 2028 Democratic Vice-Presidential nominee?,0.024,994.204059,7787.84587,FALSE,,NO DISRUPTION,"Mark Kelly’s potential VP nomination is unrelated to pharmaceutical supply chain dynamics, manufacturing, or trade in key pharma-sourcing nations.",2026-05-20T15:14:30Z
701552,"Will Ethereum dip to $1,500 by December 31, 2026?",0.485,994080.9263920006,40095.8236,FALSE,,NO DISRUPTION,"Ethereum price fluctuations are unrelated to pharmaceutical supply chain dynamics, manufacturing, raw material sourcing, or export controls.",2026-05-20T15:15:14Z
2309334,Will the highest temperature in Shanghai be 30°C on May 22?,0.0025,993.99682,4769.95374,FALSE,,NO DISRUPTION,"Weather conditions (e.g., high temperatures) at a single airport station in Shanghai do not inherently disrupt pharmaceutical supply chains, manufacturing, or logistics.",2026-05-21T14:30:35Z
2309482,Will the highest temperature in Houston be between 82-83°F on May 22?,0.245,993.9121620000004,1633.4681,FALSE,,NO DISRUPTION,"The highest temperature in Houston on May 22, 2026, is unrelated to pharmaceutical supply chain operations, manufacturing, sourcing, or logistics.",2026-05-21T14:23:47Z
1367023,Will Clavicular be named People's Sexiest Man Alive in 2026?,0.017,99376.53106999995,2052.75979,FALSE,,NO DISRUPTION,"The 'People's Sexiest Man Alive' award is an entertainment/celebrity accolade with no direct or indirect ties to pharmaceutical manufacturing, sourcing, or logistics.",2026-05-20T15:14:41Z
1897331,Will Sweden win on 2026-06-25?,0.285,9.936505,6017.3599,FALSE,,NO DISRUPTION,"The event is a sports match (football) between Sweden and an unspecified opponent, with no direct or indirect ties to pharmaceutical manufacturing, raw material sourcing, or global supply chain disruptions.",2026-05-20T15:14:47Z
1282864,Will the Republican Party win the CO-01 House seat?,0.075,9935.212924,7473.2577,FALSE,,NO DISRUPTION,"The CO-01 House seat election in Colorado is unrelated to pharmaceutical manufacturing, raw material sourcing, or global supply chain dynamics.",2026-05-20T15:14:52Z
1395714,Will Texas Rangers win the 2026 American League Championship Series?,0.075,9934.710707,41397.3119,FALSE,,NO DISRUPTION,"The 2026 American League Championship Series is a sports event unrelated to pharmaceutical manufacturing, raw material sourcing, or logistics.",2026-05-20T15:14:57Z
701580,"Will Solana dip to $20 by December 31, 2026?",0.095,99334.63543599992,15375.8846,FALSE,,NO DISRUPTION,"Solana (SOL) price volatility is unrelated to pharmaceutical supply chain dynamics, manufacturing, or trade in APIs/generics.",2026-05-20T15:15:03Z
666610,Will Trump meet with Pope Leo XIV in 2026?,0.195,9932.387503000004,4159.7303,FALSE,,NO DISRUPTION,"A Trump-Pope Leo XIV meeting in 2026 would be a diplomatic/geopolitical event unrelated to pharmaceutical manufacturing, raw material sourcing, or logistics in key pharma nations.",2026-05-21T14:34:59Z
2314432,"Will Trump say ""Communist"" or ""Communism"" during events in Rockland County?",0.245,99.323652,370.5815,FALSE,,NO DISRUPTION,"Trump's rhetorical use of 'Communist' or 'Communism' in Rockland County would primarily be a domestic political statement with no direct or immediate impact on global pharmaceutical supply chains, manufacturing, or trade.",2026-05-21T14:23:58Z
2256681,Will Marvell Q1 Data Center revenue be above $1.85B?,0.38,992.98,2376.52,FALSE,,NO DISRUPTION,"Marvell's data center revenue performance is unrelated to pharmaceutical supply chain inputs, manufacturing, or logistics.",2026-05-20T15:29:29Z
2316382,Michelsen vs. Tien: Set 1 Games O/U 10.5,0.29,99.248635,3013.1533,FALSE,,NO DISRUPTION,"The tennis match between Alex Michelsen and Learner Tien in Geneva is a sports event unrelated to pharmaceutical manufacturing, sourcing, or logistics.",2026-05-21T14:24:09Z
1975424,Will DeepSeek have the third best AI model at the end of May 2026?,0.0015,9923.026500000004,7551.89471,FALSE,,NO DISRUPTION,"AI model rankings on Chatbot Arena are unrelated to pharmaceutical supply chain operations, manufacturing, or trade in APIs/generics.",2026-05-20T15:34:09Z
1087762,Will Mirra Andreeva win the 2026 Women’s French Open?,0.068,99218.98419200005,18541.20148,FALSE,,NO DISRUPTION,"The 2026 Women’s French Open tennis tournament is a sports event unrelated to pharmaceutical manufacturing, raw material sourcing, or logistics, with no direct impact on global API/generics supply chains.",2026-05-20T15:19:40Z
2303487,Will the price of Solana be less than $40 on May 26?,0.2605,9.92,59.8,FALSE,,NO DISRUPTION,"Solana (SOL) price volatility is unrelated to pharmaceutical supply chain dynamics, manufacturing, or export controls in key pharma nations.",2026-05-21T14:24:20Z
1995626,Map 1: Odd/Even Total Kills?,0.5,9.92,0,FALSE,,NO DISRUPTION,"The event is unrelated to pharmaceutical supply chains, as it pertains to an esports match (likely *Valorant* or similar) with no geopolitical, trade, or manufacturing implications.",2026-05-20T15:15:46Z
1395035,Will Tarik Skubal win the 2026 AL Cy Young Award?,0.0065,9919.438950000003,2637.54747,FALSE,,NO DISRUPTION,"The 2026 AL Cy Young Award is a sports event unrelated to pharmaceutical manufacturing, raw material sourcing, or logistics.",2026-05-20T15:24:57Z
701791,"Will Ethena reach $1.20 by December 31, 2026?",0.0615,9917.912732999996,3214.83091,FALSE,,NO DISRUPTION,"Ethereum (ETH)-related price movements (e.g., Ethena token) are unrelated to pharmaceutical supply chain dynamics, manufacturing, or trade in APIs/generics.",2026-05-20T15:17:36Z
2315555,Cervia: Andrea Guerrieri vs Carlo Alberto Caniato,0.935,99170.68910099998,96788.7163,FALSE,,NO DISRUPTION,"The tennis match between Andrea Guerrieri and Carlo Alberto Caniato in Cervia is an unrelated sports event with no implications for pharmaceutical manufacturing, sourcing, or logistics.",2026-05-21T15:51:31Z
1833921,Will Ak Bars Kazan win Kontinental Hockey League?,0.5745,99.168401,11.93044,FALSE,,NO DISRUPTION,"The Kontinental Hockey League championship is a sports event unrelated to pharmaceutical manufacturing, raw material sourcing, or logistics in key pharma-producing nations.",2026-05-21T14:24:30Z
2313879,Wong vs. Prado: Set 1 Games O/U 8.5,0.9995,99.155116,69100.02945,FALSE,,NO DISRUPTION,The tennis match between Coleman Wong and Juan Carlos Prado at Roland Garros is an unrelated sports event with no implications for pharmaceutical supply chains.,2026-05-21T14:24:40Z
2077445,Deportivo La Guaira FC vs. CS Independiente Rivadavia: O/U 3.5,0.14,991.502888,26856.7998,FALSE,,NO DISRUPTION,"The Copa Libertadores soccer match between Deportivo La Guaira FC and CS Independiente Rivadavia is unrelated to pharmaceutical manufacturing, raw material sourcing, or logistics in key pharma-producing/exporting nations.",2026-05-21T15:51:37Z
2299333,Will the highest temperature in Sao Paulo be 20°C on May 21?,0.08,991.397209,124.628,FALSE,,NO DISRUPTION,"Weather conditions in São Paulo (e.g., temperature fluctuations) do not directly impact pharmaceutical supply chains, manufacturing, or global sourcing/export logistics.",2026-05-21T15:51:43Z
1284322,Will the Republican Party win the NY-16 House seat?,0.0105,9912.77,4169.34953,FALSE,,NO DISRUPTION,"The NY-16 House seat election is a domestic U.S. political contest with no direct impact on global pharmaceutical manufacturing, sourcing, or export controls.",2026-05-20T15:16:02Z
1830324,Will Cruz Azul win Liga MX?,0.395,991.178926,341.85,FALSE,,NO DISRUPTION,"Liga MX is a sports event in Mexico with no direct or indirect implications for pharmaceutical manufacturing, sourcing, or global supply chains.",2026-05-21T14:24:46Z
2299461,Will the highest temperature in Lucknow be 46°C on May 21?,5e-4,991.11651,6707.20663,FALSE,,NO DISRUPTION,Extreme heat in Lucknow (India) is unrelated to pharmaceutical supply chain operations in key API/manufacturing/export nations.,2026-05-21T14:27:04Z
2132786,"Will Bitcoin dip to $35,000 in May?",0.0015,990743.83912,168797.15661,FALSE,,NO DISRUPTION,"Bitcoin price fluctuations are unrelated to pharmaceutical supply chain dynamics, manufacturing, raw material sourcing, or export controls.",2026-05-20T15:36:55Z
2272133,"Will ""Babydoll - Dominic Fike"" be the #1 song on US Spotify this week?",5e-4,990.2795,1928.77304,FALSE,,NO DISRUPTION,"The event is unrelated to pharmaceutical supply chains, involving entertainment/music industry trends with no direct impact on API manufacturing, raw material sourcing, or logistics.",2026-05-20T15:16:30Z
1284791,Will the Republican Party win the TN-08 House seat?,0.84,9902.667656,5588.656,FALSE,,NO DISRUPTION,"The 2026 U.S. House election in TN-08 is an internal political contest with no direct implications for global pharmaceutical manufacturing, sourcing, or export controls.",2026-05-20T15:26:33Z
2315944,"XRP Up or Down - May 21, 6:00PM-6:05PM ET",0.495,9.901959,3457.2081,FALSE,,NO DISRUPTION,"XRP price movements are unrelated to pharmaceutical supply chain dynamics, manufacturing, sourcing, logistics, or export controls.",2026-05-21T14:24:51Z
2320743,"XRP Up or Down - May 22, 7:50AM-7:55AM ET",0.495,9.901959,2442.8273,FALSE,,NO DISRUPTION,"XRP price movements are unrelated to pharmaceutical supply chain dynamics, manufacturing, sourcing, logistics, or export controls.",2026-05-21T14:24:56Z
2320849,"XRP Up or Down - May 22, 7:55AM-8:00AM ET",0.495,9.901959,1257.6155,FALSE,,NO DISRUPTION,"XRP price movements are unrelated to pharmaceutical supply chain dynamics, manufacturing, raw material sourcing, or export controls.",2026-05-21T14:25:02Z
1971154,Will San Antonio Spurs advance to the 2026 NBA Finals?,0.395,9900.641361,72552.3977,FALSE,,NO DISRUPTION,"The 2026 NBA Finals advancement of the San Antonio Spurs is an unrelated sports event with no direct or indirect impact on pharmaceutical supply chains, manufacturing, or trade.",2026-05-21T14:25:18Z
1527950,Will Stephanie Luciano win by KO or TKO?,0.505,9.9,0,FALSE,,NO DISRUPTION,"UFC Fight Night events are entertainment-related and unrelated to pharmaceutical manufacturing, sourcing, or logistics.",2026-05-20T15:17:41Z
2311642,Real Betis Balompié vs. Levante UD: O/U 9.5 Total Corners,0.525,99,5104.0957,FALSE,,NO DISRUPTION,"The Real Betis Balompié vs. Levante UD football match is an unrelated sports event with no direct impact on pharmaceutical supply chains, manufacturing, or trade.",2026-05-20T15:17:47Z
1485172,Will Joey Bosa play for Baltimore Ravens in 2026-27?,0.44,99,13.442,FALSE,,NO DISRUPTION,"Joey Bosa's NFL team change is unrelated to pharmaceutical supply chains, manufacturing, or trade in API/raw materials.",2026-05-21T14:25:12Z
2088989,Over $3M committed to the Printr public sale?,0.0165,989669.48718,14724.38125,FALSE,,NO DISRUPTION,"Printr is a blockchain-based platform for decentralized finance and smart contracts, unrelated to pharmaceutical manufacturing, raw material sourcing, or logistics.",2026-05-20T15:18:30Z
949811,Will Patrick Mahomes start Week 1 for the Chiefs in 2026?,0.615,98.95210899999998,76.2544,FALSE,,NO DISRUPTION,"The NFL Week 1 QB starting decision is an entertainment/sports event unrelated to pharmaceutical manufacturing, sourcing, or global trade.",2026-05-20T15:17:56Z
2321323,Counter-Strike: Tricked vs 1WIN - Map 1 Winner,5e-4,9894.967026000002,47323.18219,FALSE,,NO DISRUPTION,"The Counter-Strike Grand final match between Tricked and 1WIN is an entertainment event unrelated to pharmaceutical manufacturing, sourcing, or logistics.",2026-05-21T15:51:48Z
920403,Variational FDV above $1B one day after launch?,0.245,98933.548021,19777.3359,FALSE,,NO DISRUPTION,"Variational's governance token launch is unrelated to pharmaceutical supply chain operations, manufacturing, sourcing, or logistics.",2026-05-21T14:25:29Z
2319011,Counter-Strike: Yawara Esports vs BESTIA Academy - Map 2 Winner,0.68,989.159762,1519.3977,FALSE,,NO DISRUPTION,"The Counter-Strike match between Yawara Esports and BESTIA Academy is an esports event unrelated to pharmaceutical manufacturing, raw material sourcing, or logistics.",2026-05-21T15:51:54Z
637018,Will Ahmed al-Sharaa win the Nobel Peace Prize in 2026?,0.0065,989097.6282099964,43297.48863,FALSE,,NO DISRUPTION,"Ahmed al-Sharaa is a Syrian journalist and activist, and the Nobel Peace Prize is unrelated to pharmaceutical supply chain dynamics or geopolitical risks affecting API/pharma manufacturing/export nations.",2026-05-20T15:21:29Z
1975018,Will Meta have the #3 AI model at the end of May 2026 (Style Control On)?,0.0035,989.070313,1910.16843,FALSE,,NO DISRUPTION,"Meta's AI model rankings (or any AI model performance) do not directly impact pharmaceutical supply chains, manufacturing, sourcing, or logistics of APIs, raw materials, or finished drugs.",2026-05-20T15:18:02Z
2132824,Will Solana dip to $10 in May?,5e-4,98901.360833,31613.7391,FALSE,,NO DISRUPTION,"Cryptocurrency price fluctuations (e.g., Solana) are unrelated to pharmaceutical supply chain dynamics, manufacturing, or trade of APIs/generics.",2026-05-20T15:19:02Z
1735308,Will Kevin Kiermaier win the 2026 AL Platinum Glove award?,0.054,989.01,338.43563,FALSE,,NO DISRUPTION,"The 2026 AL Platinum Glove award is a sports-related event with no direct or indirect implications for pharmaceutical manufacturing, raw material sourcing, or logistics.",2026-05-20T15:25:18Z
2306276,WTT - Men's Singles: Manush Shah vs Matthew Kuti,0.9945,9.8901,209.8871,FALSE,,NO DISRUPTION,"The table tennis match between Manush Shah and Matthew Kuti is a sports event unrelated to pharmaceutical manufacturing, raw material sourcing, or logistics.",2026-05-20T15:18:14Z
2309932,Will the lowest temperature in Hong Kong be 23°C on May 24?,0.0215,98.896454,680.28561,FALSE,,NO DISRUPTION,"Hong Kong's temperature extremes are unrelated to pharmaceutical supply chain operations, manufacturing, or trade disruptions in key API/generics-producing nations.",2026-05-21T14:25:35Z
2294266,Will Pierceson Coody win the 2026 THE CJ CUP Byron Nelson?,0.0135,988.9231,4661.87198,FALSE,,NO DISRUPTION,"The 2026 THE CJ CUP Byron Nelson is a golf tournament unrelated to pharmaceutical manufacturing, raw material sourcing, or logistics.",2026-05-21T15:13:39Z
2298959,Will Databricks' valuation hit (LOW) $140B by June 30?,0.13,988.5361,842.1448,FALSE,,NO DISRUPTION,"Databricks' valuation as a private market metric is unrelated to pharmaceutical supply chain operations, manufacturing, sourcing, logistics, or export controls.",2026-05-21T15:09:38Z
2097495,Trump ballroom project unblocked by May 31?,0.15,988.4509800000002,1771.4793,FALSE,,NO DISRUPTION,"The Trump ballroom project is a domestic U.S. construction dispute with no direct implications for global pharmaceutical manufacturing, sourcing, or export logistics.",2026-05-21T14:25:40Z
1284896,Will the Democratic Party win the TX-13 House seat?,0.065,9880.808814,8233.7873,FALSE,,NO DISRUPTION,"The TX-13 House seat election is a domestic U.S. political contest with no direct impact on global pharmaceutical manufacturing, sourcing, or export controls.",2026-05-20T15:19:18Z
1090104,"Will Serghei Spivac be the UFC Heavyweight Champion on December 31, 2026?",0.0095,98.782,84.58659,FALSE,,NO DISRUPTION,"The UFC Heavyweight Championship is a sports entertainment event unrelated to pharmaceutical manufacturing, raw material sourcing, or global trade logistics.",2026-05-21T14:25:51Z
2069679,Will Luis Javier Suárez be the top goalscorer at the 2026 FIFA World Cup?,0.02,987.604293,15296.62037,FALSE,,NO DISRUPTION,"The 2026 FIFA World Cup is a sports event in the USA, Canada, and Mexico with no direct or indirect implications for pharmaceutical manufacturing, raw material sourcing, or global supply chains.",2026-05-20T15:18:41Z
2305925,Will Team Liquid win CS Asia Championships 2026?,5e-4,987.574,24139.60553,FALSE,,NO DISRUPTION,"The CS Asia Championships 2026 is an esports event unrelated to pharmaceutical manufacturing, raw material sourcing, or logistics.",2026-05-21T15:09:43Z
2271631,Will Amazon (AMZN) finish week of May 18 above $260?,0.86,98.735805,2248.4807,FALSE,,NO DISRUPTION,"Amazon's stock performance (AMZN) is unrelated to pharmaceutical supply chain dynamics, manufacturing, raw material sourcing, or export controls.",2026-05-21T14:25:56Z
1731840,Will Michael Mebruer be the Republican nominee for LA-05?,0.0115,987.343342,1210.0208,FALSE,,NO DISRUPTION,"The 2026 LA-05 Republican primary election is unrelated to pharmaceutical supply chain dynamics, manufacturing, sourcing, or export controls.",2026-05-20T15:18:52Z
1335136,Will EUR/USD hit 1.35 (High) in 2026?,0.1,986.880195,1448.4962,FALSE,,NO DISRUPTION,"EUR/USD currency fluctuations are macroeconomic in nature and do not directly impact pharmaceutical supply chain operations, manufacturing, or export controls.",2026-05-20T15:18:57Z
2304810,Will FC Rapid 1923 win on 2026-05-25?,0.305,98.657724,3842.8672,FALSE,,NO DISRUPTION,"FC Rapid 1923 is an Austrian football club competing in the Austrian Bundesliga, and the event is unrelated to pharmaceutical manufacturing, sourcing, or logistics.",2026-05-21T14:26:08Z
1794953,Will AC Milan place 2nd for the 2025-26 Serie A season?,0.037,986.561691,240.10911,FALSE,,NO DISRUPTION,AC Milan's 2025-26 Serie A season performance is unrelated to pharmaceutical supply chain dynamics or geopolitical/economic factors affecting key pharma-manufacturing or exporting nations.,2026-05-20T15:37:17Z
943822,Will the Republican Party hold exactly 50 Senate seats after the 2026 midterm elections?,0.155,98648.87319999994,11416.985,FALSE,,NO DISRUPTION,"U.S. Senate election outcomes are domestic political events with no direct regulatory, trade, or manufacturing impact on global pharmaceutical supply chains.",2026-05-20T16:46:27Z
2070216,Will Mistral have the best Coding AI model at the end of May 2026?,5e-4,986.4444,4857.86273,FALSE,,NO DISRUPTION,"Chatbot AI model rankings (e.g., Coding Leaderboard) are unrelated to pharmaceutical supply chain operations, manufacturing, or trade in APIs/generics.",2026-05-20T15:19:13Z
2303481,Istanbul: Daniel Michalski vs Benjamin Hassan,0.9995,98637.54854,171433.39369,FALSE,,NO DISRUPTION,"The tennis match between Daniel Michalski and Benjamin Hassan in Istanbul is an unrelated sports event with no direct or indirect implications for pharmaceutical supply chains, manufacturing, or trade.",2026-05-21T15:51:59Z
2313700,"Ethereum Up or Down - May 21, 12:30PM-12:45PM ET",0.505,98.627428,17587.6838,FALSE,,NO DISRUPTION,"Ethereum price movements are unrelated to pharmaceutical supply chain dynamics, manufacturing, sourcing, logistics, or export controls.",2026-05-21T15:52:04Z
1897040,Will Canada win on 2026-06-12?,0.545,986.034502,12246.3182,FALSE,,NO DISRUPTION,"The event is a sports match (Canada vs. another team) with no direct or indirect implications for pharmaceutical manufacturing, raw material sourcing, or global API/generics supply chains.",2026-05-20T15:31:50Z
2271747,Will Tesla (TSLA) finish week of May 18 above $440?,0.0545,9.86,3133.7643,FALSE,,NO DISRUPTION,"Tesla's stock performance is unrelated to pharmaceutical supply chain dynamics, manufacturing, raw material sourcing, or export controls.",2026-05-21T14:26:14Z
907511,Will Mandela Barnes win the 2026 Wisconsin Governor Democratic primary election?,0.525,9859.107094,5776.5689,FALSE,,NO DISRUPTION,"The Wisconsin Governor Democratic primary is an internal U.S. political election with no direct impact on global pharmaceutical manufacturing, sourcing, or export controls.",2026-05-20T15:19:29Z
676842,U.S. enacts AI safety bill before 2027?,0.525,98585.240999,878.4333,TRUE,USA; China; India; Germany; Switzerland; Ireland; Japan; South Korea; Singapore; Israel,SMALL DISRUPTION,"AI safety regulations could impose training/usage restrictions on high-performance AI models used for drug discovery, virtual screening, or supply chain optimization, indirectly delaying R&D pipelines and minorly disrupting generics manufacturing in AI-dependent nations.",2026-05-20T15:20:24Z
2293326,"Will turnout in the 2026 KY-04 Republican Primary be between 100,000 and 110,000 voters?",0.988,9854.913920000005,6153.9368700000005,FALSE,,NO DISRUPTION,"The 2026 KY-04 Republican Primary is an internal U.S. political election with no direct impact on pharmaceutical manufacturing, sourcing, or global supply chains.",2026-05-20T15:19:34Z
2270233,Will Alphabet be the third-largest company in the world by market cap on June 30?,0.13,985.243932,5890.6273,FALSE,,NO DISRUPTION,"Alphabet's market capitalization shift is unrelated to pharmaceutical manufacturing, raw material sourcing, or logistics infrastructure.",2026-05-21T14:26:24Z
1361088,Will Houston Texans win the 2027 NFL AFC Championship?,0.0675,98491.18550799998,49930.8647,FALSE,,NO DISRUPTION,"The 2027 NFL AFC Championship is a sports event unrelated to pharmaceutical manufacturing, raw material sourcing, or logistics.",2026-05-20T15:19:56Z
1232504,Will Argentina’s annual inflation in 2026 be between 40% and 44.9%?,0.101,984.4503160000002,1198.44756,TRUE,Argentina; China; India; Brazil; United States,SMALL DISRUPTION,"Hyperinflation in Argentina would weaken local currency (ARS), increase import costs for pharma inputs (e.g., APIs, excipients) from key suppliers (China/India), and delay payments to global suppliers, but lacks direct manufacturing/export capacity loss in core pharma hubs.",2026-05-21T15:09:56Z
2309239,Will the highest temperature in Chicago be between 50-51°F on May 22?,0.006,984.381666,5446.57411,FALSE,,NO DISRUPTION,"Weather conditions in Chicago (e.g., temperature fluctuations) do not impact global pharmaceutical supply chains, manufacturing, or export controls.",2026-05-21T15:10:42Z
2309239,Will the highest temperature in Chicago be between 50-51°F on May 22?,0.006,984.381666,5446.57411,FALSE,,NO DISRUPTION,"Weather conditions in Chicago (e.g., temperature fluctuations) do not impact pharmaceutical supply chains, manufacturing, or global sourcing/export logistics.",2026-05-21T15:11:05Z
1283040,Will the Republican Party win the FL-12 House seat?,0.825,9843.15,5963.0516,FALSE,,NO DISRUPTION,"The FL-12 House seat election in Florida is a domestic U.S. political contest with no direct implications for global pharmaceutical manufacturing, raw material sourcing, or export controls.",2026-05-20T15:20:06Z
2303308,"Will the price of Bitcoin be between $70,000 and $72,000 on May 26?",0.024,98.413275,8923.8506,FALSE,,NO DISRUPTION,"Bitcoin price fluctuations are unrelated to pharmaceutical supply chain dynamics, manufacturing, sourcing, or export controls.",2026-05-21T14:26:30Z
2299797,Will the highest temperature in Jeddah be 34°C on May 21?,0.9975,983.786739,4878.88282,FALSE,,NO DISRUPTION,"Extreme heat in Jeddah (34°C) is unrelated to pharmaceutical supply chain operations, manufacturing, or trade in API/raw materials/finished drugs.",2026-05-21T15:52:10Z
2045085,Will Giuseppe Conte be the next Prime Minister of Italy?,0.085,983.711018,3349.8481,FALSE,,NO DISRUPTION,"Italian political transitions (e.g., Conte’s premiership) are domestic governance shifts with no direct impact on global API/generics manufacturing, export controls, or supply chain logistics.",2026-05-20T15:20:17Z
2278022,Will the price of Solana be between $50 and $60 on May 23?,0.004,983.132,5252.49893,FALSE,,NO DISRUPTION,"Solana (SOL) is a cryptocurrency with no direct or indirect connection to pharmaceutical supply chain manufacturing, raw material sourcing, or logistics.",2026-05-21T14:26:47Z
2312357,"XRP Up or Down - May 21, 8:00AM-12:00PM ET",0.24,982.978557,1132.1218,FALSE,,NO DISRUPTION,"XRP price movements are unrelated to pharmaceutical supply chain dynamics, manufacturing, raw material sourcing, or export controls.",2026-05-21T15:52:15Z
898418,Will Lance Stroll be the 2026 F1 Drivers' Champion?,0.0015,9828986.827972917,830088.5161,FALSE,,NO DISRUPTION,"F1 Drivers' Championship is a sports event unrelated to pharmaceutical manufacturing, sourcing, or logistics.",2026-05-20T15:23:23Z
2074153,"Will Coinbase Global, Inc. (COIN) hit (LOW) $175 in May?",0.355,9828.827401,613.3155,FALSE,,NO DISRUPTION,"Coinbase Global's stock price volatility is unrelated to pharmaceutical supply chain dynamics, manufacturing, raw material sourcing, or export controls.",2026-05-21T15:10:13Z
629583,Will the Democrats win the Oregon governor race in 2026?,0.87,9828.564324,5276.0027,FALSE,,NO DISRUPTION,The 2026 Oregon gubernatorial election is a state-level election in a non-pharma-manufacturing or export hub with no direct implications for global API/generics supply chains.,2026-05-20T15:30:49Z
1088678,Will Elina Svitolina win the 2026 Women’s US Open?,0.0255,982.8450999999998,778.29987,FALSE,,NO DISRUPTION,"The 2026 Women’s US Open tennis tournament is a sports event unrelated to pharmaceutical manufacturing, sourcing, or logistics.",2026-05-20T15:20:34Z
2107314,Will OPEC crude oil production be above 18 million barrels per day in May?,0.115,982.817543,2102.8064,FALSE,,NO DISRUPTION,"OPEC crude oil production levels do not directly impact pharmaceutical supply chain operations, manufacturing, or raw material sourcing for APIs or finished drugs.",2026-05-20T15:20:40Z
2299824,Will the highest temperature in Guangzhou be 31°C or higher on May 21?,0.0095,982.77824,4083.8856,FALSE,,NO DISRUPTION,"Weather conditions in Guangzhou (e.g., heatwaves) are unrelated to pharmaceutical supply chain disruptions, as they do not trigger manufacturing shutdowns, export controls, or trade restrictions in key pharma-sourcing nations.",2026-05-21T15:10:02Z
1107307,US strike on Colombia by December 31?,0.165,982556.1111159992,12824.2673,TRUE,Colombia; Venezuela; Ecuador; Panama; Mexico,SMALL DISRUPTION,"Colombia is a regional hub for pharmaceutical logistics (e.g., API transit, generics distribution) and trade routes to/from Latin America, but lacks major API manufacturing capacity; strikes could disrupt transit corridors and minor export hubs like Venezuela (API production) and Mexico (generics assembly).",2026-05-20T15:20:52Z
2319902,Will the highest temperature in Hong Kong be 33°C or higher on May 23?,0.11,982.520864,893.8508,FALSE,,NO DISRUPTION,"Extreme heat in Hong Kong (33°C+) is unrelated to pharmaceutical supply chain operations, manufacturing, or export controls in key pharma-sourcing nations.",2026-05-21T15:52:20Z
2304666,Will Wadi Degla SC win on 2026-05-21?,0.405,982.3566139999998,46505.9524,FALSE,,NO DISRUPTION,"The event is a sports match (Wadi Degla SC football game) in Egypt, unrelated to pharmaceutical manufacturing, raw material sourcing, or logistics.",2026-05-21T15:52:26Z
2303708,Indian Premier League: Lucknow Super Giants vs Punjab Kings,0.44,982.2763,4531.0046,FALSE,,NO DISRUPTION,"The Indian Premier League cricket match between Lucknow Super Giants and Punjab Kings is an entertainment event unrelated to pharmaceutical manufacturing, sourcing, or logistics.",2026-05-21T14:26:59Z
1697086,Will the Bank of Canada announce no change at the June meeting?,0.9745,9820.436864000016,10601.45061,FALSE,,NO DISRUPTION,"Bank of Canada monetary policy decisions are macroeconomic in nature and do not directly impact pharmaceutical manufacturing, raw material sourcing, or logistics.",2026-05-20T15:21:40Z
1399751,Will Paris Saint-Germain (PSG) score the most goals in 2025-26 UEFA Champions League?,0.997,9818.544981999996,7715.42779,FALSE,,NO DISRUPTION,"The 2025-26 UEFA Champions League is a sports event unrelated to pharmaceutical manufacturing, raw material sourcing, or logistics, with no direct impact on global API/generics supply chains.",2026-05-20T15:21:13Z
1067187,Xi Jinping divorce before 2027?,0.014,98146.93183099988,9387.41767,FALSE,,NO DISRUPTION,"A personal marital announcement by Xi Jinping and Peng Liyuan lacks direct relevance to pharmaceutical manufacturing, trade, or export controls in key pharma-sourcing nations.",2026-05-20T15:21:19Z
1340071,MagicBlock FDV above $300M one day after launch?,0.104,981.424271,4165.54443,FALSE,,NO DISRUPTION,"MagicBlock's governance token launch is unrelated to pharmaceutical supply chain operations, manufacturing, or trade in APIs/generics.",2026-05-20T15:21:24Z
2313926,Guo vs. Costoulas: Match O/U 22.5,5e-4,98.14,64731.29517,FALSE,,NO DISRUPTION,"The tennis match between Hanyu Guo and Sofia Costoulas at Roland Garros is an entertainment event unrelated to pharmaceutical manufacturing, sourcing, or logistics.",2026-05-21T14:27:10Z
2076827,Will Lando Norris win the 2026 F1 Canadian Grand Prix?,0.155,9812.887539,11422.8852,FALSE,,NO DISRUPTION,"The 2026 F1 Canadian Grand Prix is a sports event unrelated to pharmaceutical manufacturing, sourcing, or logistics in key pharma-producing/exporting nations.",2026-05-21T15:10:19Z
2319941,Will the highest temperature in Madrid be 33°C on May 23?,0.355,98.125283,987.1776,FALSE,,NO DISRUPTION,"Extreme heat in Madrid (33°C) on May 23, 2026, is unrelated to pharmaceutical supply chain operations, manufacturing, or trade in key API/generics-producing nations.",2026-05-21T15:52:32Z
1500563,Will Mayes Middleton win the Texas Republican primary runoff for Attorney General?,0.69,981.2179119999996,48.7135,FALSE,,NO DISRUPTION,"The Texas Republican primary runoff for Attorney General is an internal U.S. political election with no direct implications for global pharmaceutical manufacturing, sourcing, or export controls.",2026-05-20T15:34:14Z
1130867,Will Doja Cat have a #1 song on the Billboard Hot 100 in 2026?,0.09,9811.149264,1480.5077000000001,FALSE,,NO DISRUPTION,"Doja Cat's music success is unrelated to pharmaceutical manufacturing, raw material sourcing, or logistics, with no direct or indirect impact on global API/generics supply chains.",2026-05-20T15:21:35Z
837732,Will Leland Olinger II win the 2026 Georgia Governor Republican primary election?,5e-4,9810.4641,7302.65906,FALSE,,NO DISRUPTION,"The 2026 Georgia Governor Republican primary is an internal U.S. political election with no direct implications for global pharmaceutical manufacturing, sourcing, or export controls.",2026-05-20T15:21:45Z
1912035,"Will ""you seem pretty sad for a girl so in love"" - Olivia Rodrigo debut week album sales be between 350k and 400k?",0.19,98.095805,228.7754,FALSE,,NO DISRUPTION,"Olivia Rodrigo's album release is an entertainment event unrelated to pharmaceutical manufacturing, raw material sourcing, or logistics.",2026-05-21T14:27:21Z
2063094,Will Elliot Anderson be included in England's official 2026 World Cup squad list?,0.9395,980.875143,670.2392,FALSE,,NO DISRUPTION,"The 2026 FIFA World Cup in the U.S./Canada/Mexico is a sports event unrelated to pharmaceutical manufacturing, sourcing, or logistics in key pharma-producing/exporting nations.",2026-05-21T15:10:25Z
628942,Will Stephen Cloobeck win the California Governor Election in 2026?,0.0015,980782.7683450005,172485.70519,FALSE,,NO DISRUPTION,"California gubernatorial elections are domestic political events with no direct impact on global pharmaceutical manufacturing, sourcing, or export controls.",2026-05-20T15:34:46Z
1972785,Will Shai Gilgeous-Alexander win the 2026 NBA Finals MVP?,0.47,9806.700743999998,9141.797,FALSE,,NO DISRUPTION,"The 2026 NBA Finals MVP award is an entertainment/sports event unrelated to pharmaceutical manufacturing, sourcing, or logistics.",2026-05-21T14:30:58Z
629666,Will the Democrats win the Tennessee governor race in 2026?,0.0455,980.625836,3457.35943,FALSE,,NO DISRUPTION,"The 2026 Tennessee gubernatorial election is a domestic U.S. political race with no direct implications for global pharmaceutical manufacturing, sourcing, or export controls.",2026-05-20T15:22:01Z
2097572,Will May 2026 be the 4th or lower hottest on record?,0.0185,98055.387837,7071.46498,FALSE,,NO DISRUPTION,"Climate-related temperature anomalies in May 2026 are unlikely to trigger direct pharmaceutical supply chain disruptions, as extreme heat typically impacts agriculture/food supply rather than API manufacturing or logistics infrastructure.",2026-05-21T14:27:28Z
2316769,"Ethereum Up or Down - May 21, 8:05PM-8:10PM ET",0.505,9.80392,7134.7575,FALSE,,NO DISRUPTION,"Ethereum price movements are unrelated to pharmaceutical supply chain dynamics, manufacturing, sourcing, or export controls.",2026-05-21T14:27:40Z
2316983,"Ethereum Up or Down - May 21, 8:10PM-8:15PM ET",0.505,9.80392,7166.9413,FALSE,,NO DISRUPTION,"Ethereum price movements are unrelated to pharmaceutical supply chain dynamics, manufacturing, sourcing, or export controls.",2026-05-21T14:27:45Z
2313470,"XRP Up or Down - May 21, 12:00PM-12:05PM ET",0.505,9.80392,3564.5072,FALSE,,NO DISRUPTION,"XRP price movements are unrelated to pharmaceutical supply chain dynamics, manufacturing, sourcing, logistics, or export controls.",2026-05-20T16:46:45Z
2317011,"Ethereum Up or Down - May 21, 8:20PM-8:25PM ET",0.505,9.80392,7116.3413,FALSE,,NO DISRUPTION,"Ethereum price movements are unrelated to pharmaceutical supply chain dynamics, manufacturing, sourcing, or export controls.",2026-05-21T14:27:50Z
2321366,"Solana Up or Down - May 22, 9:50AM-9:55AM ET",0.505,9.80392,2457.5897,FALSE,,NO DISRUPTION,"Solana (SOL) price movements are unrelated to pharmaceutical supply chain dynamics, manufacturing, raw material sourcing, or export controls.",2026-05-21T14:27:55Z
2317558,"BNB Up or Down - May 21, 10:00PM-10:05PM ET",0.505,9.80392,1420.3083,FALSE,,NO DISRUPTION,"BNB price movements on blockchain data streams (Chainlink BNB/USD) are unrelated to pharmaceutical supply chain dynamics, manufacturing, sourcing, or export controls.",2026-05-21T14:28:11Z
2321459,"Solana Up or Down - May 22, 10:25AM-10:30AM ET",0.505,9.80392,1303.3751,FALSE,,NO DISRUPTION,"Solana (SOL) price movements are unrelated to pharmaceutical supply chain dynamics, manufacturing, raw material sourcing, or export controls.",2026-05-21T15:10:30Z
2317302,"Ethereum Up or Down - May 21, 9:00PM-9:05PM ET",0.505,9.80392,7118.6945,FALSE,,NO DISRUPTION,"Ethereum price movements are unrelated to pharmaceutical supply chain dynamics, manufacturing, sourcing, or export controls.",2026-05-21T14:28:01Z
2317318,"Ethereum Up or Down - May 21, 9:05PM-9:10PM ET",0.505,9.80392,7148.7445,FALSE,,NO DISRUPTION,"Ethereum price movements are unrelated to pharmaceutical supply chain dynamics, manufacturing, sourcing, or export controls.",2026-05-21T14:28:06Z
2317998,"BNB Up or Down - May 21, 10:45PM-10:50PM ET",0.505,9.80392,1410.2309,FALSE,,NO DISRUPTION,"BNB price movements on Chainlink are unrelated to pharmaceutical supply chain dynamics, manufacturing, sourcing, or export controls.",2026-05-21T14:28:24Z
2317457,"BNB Up or Down - May 21, 9:45PM-9:50PM ET",0.505,9.80392,1395.5985,FALSE,,NO DISRUPTION,"BNB price movements on Chainlink are unrelated to pharmaceutical supply chain dynamics, manufacturing, sourcing, or export controls.",2026-05-21T14:28:29Z
2317597,"BNB Up or Down - May 21, 10:05PM-10:10PM ET",0.505,9.80392,2206.4483,FALSE,,NO DISRUPTION,"BNB price fluctuations on blockchain data streams (Chainlink BNB/USD) are unrelated to pharmaceutical supply chain dynamics, manufacturing, sourcing, or export controls.",2026-05-21T14:28:19Z
2318340,"BNB Up or Down - May 21, 11:55PM-12:00AM ET",0.505,9.80392,1573.7599,FALSE,,NO DISRUPTION,"BNB price movements on blockchain data streams (Chainlink BNB/USD) are unrelated to pharmaceutical supply chain dynamics, manufacturing, sourcing, or export controls.",2026-05-21T14:28:35Z
2318208,"Solana Up or Down - May 21, 11:50PM-11:55PM ET",0.5,9.80392,1734.5491,FALSE,,NO DISRUPTION,"Solana price movements are unrelated to pharmaceutical supply chain dynamics, manufacturing, raw material sourcing, or export controls.",2026-05-21T14:28:40Z
2313650,"Solana Up or Down - May 21, 12:10PM-12:15PM ET",0.505,9.80392,3620.253,FALSE,,NO DISRUPTION,"Solana (SOL) price movements are unrelated to pharmaceutical supply chain dynamics, manufacturing, raw material sourcing, or export controls.",2026-05-20T16:47:34Z
2313664,"XRP Up or Down - May 21, 12:15PM-12:20PM ET",0.505,9.80392,3499.501,FALSE,,NO DISRUPTION,"XRP price movements are unrelated to pharmaceutical supply chain dynamics, manufacturing, sourcing, logistics, or export controls.",2026-05-20T16:47:39Z
2314150,"Solana Up or Down - May 21, 1:30PM-1:45PM ET",0.5,9.80392,3642.678,FALSE,,NO DISRUPTION,"Solana price movements are unrelated to pharmaceutical supply chain dynamics, manufacturing, raw material sourcing, or export controls.",2026-05-21T14:28:51Z
2313381,"Ethereum Up or Down - May 21, 11:55AM-12:00PM ET",0.505,9.80392,7366.1358,FALSE,,NO DISRUPTION,"Ethereum price movements are unrelated to pharmaceutical supply chain dynamics, manufacturing, sourcing, or export controls.",2026-05-20T16:47:16Z
2316991,"Ethereum Up or Down - May 21, 8:15PM-8:20PM ET",0.505,9.80392,7072.4913,FALSE,,NO DISRUPTION,"Ethereum price movements are unrelated to pharmaceutical supply chain dynamics, manufacturing, sourcing, or export controls.",2026-05-21T14:28:57Z
2313527,"XRP Up or Down - May 21, 12:05PM-12:10PM ET",0.505,9.80392,3578.3081,FALSE,,NO DISRUPTION,"XRP price movements are unrelated to pharmaceutical supply chain dynamics, manufacturing, sourcing, logistics, or export controls.",2026-05-20T16:47:28Z
2319271,"BNB Up or Down - May 22, 3:50AM-3:55AM ET",0.505,9.80392,1509.4323,FALSE,,NO DISRUPTION,"BNB price movements on Chainlink are unrelated to pharmaceutical supply chain dynamics, manufacturing, sourcing, or export controls.",2026-05-21T14:28:46Z
2315316,"Ethereum Up or Down - May 21, 4:50PM-4:55PM ET",0.505,9.80392,7118.7181,FALSE,,NO DISRUPTION,"Ethereum price movements are unrelated to pharmaceutical supply chain dynamics, manufacturing, sourcing, or export controls.",2026-05-21T14:29:02Z
2320265,"Solana Up or Down - May 22, 6:00AM-6:15AM ET",0.5,9.80392,2634.9715,FALSE,,NO DISRUPTION,"Solana price movements are unrelated to pharmaceutical supply chain dynamics, manufacturing, raw material sourcing, or export controls.",2026-05-21T14:29:07Z
2315941,"XRP Up or Down - May 21, 6:00PM-6:15PM ET",0.5,9.80392,1740.7359,FALSE,,NO DISRUPTION,"XRP price movements are unrelated to pharmaceutical supply chain dynamics, manufacturing, sourcing, or export controls.",2026-05-21T14:29:12Z
2313384,"XRP Up or Down - May 21, 11:55AM-12:00PM ET",0.505,9.80392,3614.3072,FALSE,,NO DISRUPTION,"XRP price movements are unrelated to pharmaceutical supply chain dynamics, manufacturing, sourcing, logistics, or export controls.",2026-05-20T16:47:22Z
2321481,"Solana Up or Down - May 22, 10:30AM-10:35AM ET",0.505,9.80392,2495.5071,FALSE,,NO DISRUPTION,"Solana (SOL) price movements are unrelated to pharmaceutical supply chain dynamics, manufacturing, raw material sourcing, or export controls.",2026-05-21T15:10:36Z
2319195,"BNB Up or Down - May 22, 3:40AM-3:45AM ET",0.505,9.80392,1513.4379,FALSE,,NO DISRUPTION,"BNB price movements on Chainlink are unrelated to pharmaceutical supply chain dynamics, manufacturing, sourcing, or export controls.",2026-05-21T14:29:18Z
2321580,"Solana Up or Down - May 22, 10:55AM-11:00AM ET",0.505,9.80392,1227.2337,FALSE,,NO DISRUPTION,"Solana (SOL) price movements are unrelated to pharmaceutical supply chain dynamics, manufacturing, raw material sourcing, or export controls.",2026-05-21T15:13:50Z
2305520,"HYPE Up or Down - May 21, 4PM ET",0.5,9.80392,303.1731,FALSE,,NO DISRUPTION,"HYPE (Hype Health Inc.) is a biotech company focused on fertility treatments and women's health, with no direct involvement in API manufacturing, raw material sourcing, or finished drug logistics in the pharmaceutical supply chain.",2026-05-21T14:29:24Z
2317298,"Hyperliquid Up or Down - May 21, 9:00PM-9:15PM ET",0.5,98.029606,1690.6279,FALSE,,NO DISRUPTION,"Hyperliquid price movements on Chainlink's HYPE/USD data stream are unrelated to pharmaceutical supply chain dynamics, manufacturing, sourcing, or logistics.",2026-05-21T14:29:30Z
2315424,"Hyperliquid Up or Down - May 21, 5:30PM-5:45PM ET",0.5,98.029606,1580.4011,FALSE,,NO DISRUPTION,"Hyperliquid's price movement on Chainlink HYPE/USD is unrelated to pharmaceutical supply chain dynamics, manufacturing, sourcing, or logistics.",2026-05-21T14:29:48Z
2314843,"Hyperliquid Up or Down - May 21, 3:15PM-3:30PM ET",0.5,98.029606,1746.3005,FALSE,,NO DISRUPTION,"Hyperliquid's price movement on Chainlink HYPE/USD is unrelated to pharmaceutical supply chain dynamics, manufacturing, sourcing, or logistics.",2026-05-21T14:29:43Z
2315367,"Hyperliquid Up or Down - May 21, 5:00PM-5:15PM ET",0.5,98.029606,1638.7835,FALSE,,NO DISRUPTION,"Hyperliquid price movements on Chainlink's HYPE/USD data stream are unrelated to pharmaceutical supply chain dynamics, manufacturing, sourcing, or logistics.",2026-05-21T14:29:54Z
2315991,"Hyperliquid Up or Down - May 21, 6:15PM-6:30PM ET",0.5,98.029606,1659.2525,FALSE,,NO DISRUPTION,"Hyperliquid's price movement on Chainlink HYPE/USD is unrelated to pharmaceutical supply chain dynamics, manufacturing, sourcing, or logistics.",2026-05-21T14:29:59Z
2271947,"Will Airbnb, Inc. (ABNB) hit (HIGH) $140 Week of May 18 2026?",0.025,9800.724054,8263.2515,FALSE,,NO DISRUPTION,"Airbnb's stock price movement is unrelated to pharmaceutical supply chain dynamics, manufacturing, raw material sourcing, or export controls.",2026-05-21T14:30:05Z
2303967,"Solana Up or Down - May 21, 1PM ET",0.505,9.8,892.5434,FALSE,,NO DISRUPTION,"Solana (SOL) price movements are unrelated to pharmaceutical supply chain dynamics, manufacturing, or trade in APIs/generics.",2026-05-20T15:23:34Z
2304967,"XRP Up or Down - May 21, 3PM ET",0.505,9.8,958.5764,FALSE,,NO DISRUPTION,"XRP/USDT price movements on Binance are unrelated to pharmaceutical supply chain dynamics, manufacturing, sourcing, or export controls.",2026-05-20T15:23:44Z
2303373,"Ethereum Up or Down - May 21, 12PM ET",0.49,9.8,37571.6636,FALSE,,NO DISRUPTION,"Cryptocurrency price movements (Ethereum) are unrelated to pharmaceutical supply chain dynamics, manufacturing, raw material sourcing, or export controls.",2026-05-20T15:23:49Z
2303440,"Solana Up or Down - May 21, 12PM ET",0.505,9.8,19556.5384,FALSE,,NO DISRUPTION,"Solana (SOL) price movements are unrelated to pharmaceutical supply chain dynamics, manufacturing, or trade in APIs/generics.",2026-05-20T15:23:39Z
2303962,"Ethereum Up or Down - May 21, 1PM ET",0.5,9.8,8084.1396,FALSE,,NO DISRUPTION,"Cryptocurrency price movements (e.g., Ethereum) are unrelated to pharmaceutical supply chain dynamics, manufacturing, raw material sourcing, or export controls.",2026-05-20T15:23:54Z
2304218,"BNB Up or Down - May 21, 2PM ET",0.5,9.8,445.08,FALSE,,NO DISRUPTION,"BNB/USDT price movements on Binance are unrelated to pharmaceutical supply chain dynamics, manufacturing, sourcing, or export controls.",2026-05-20T15:24:05Z
2304214,"Solana Up or Down - May 21, 2PM ET",0.5,9.8,924.3484,FALSE,,NO DISRUPTION,"Solana (SOL) price movements are unrelated to pharmaceutical supply chain dynamics, manufacturing, or trade in APIs/generics.",2026-05-20T15:24:10Z
2305089,"BNB Up or Down - May 21, 3PM ET",0.5,9.8,442.358,FALSE,,NO DISRUPTION,"BNB/USDT price movements on Binance are unrelated to pharmaceutical supply chain dynamics, manufacturing, sourcing, or export controls.",2026-05-20T15:24:25Z
2304880,"Solana Up or Down - May 21, 3PM ET",0.5,9.8,944.4564,FALSE,,NO DISRUPTION,"Solana (SOL) price movements on Binance are unrelated to pharmaceutical supply chain dynamics, manufacturing, raw material sourcing, or export controls.",2026-05-20T15:24:36Z
2303968,"XRP Up or Down - May 21, 1PM ET",0.505,9.8,1016.5434,FALSE,,NO DISRUPTION,"XRP/USDT price movements on Binance are unrelated to pharmaceutical supply chain dynamics, manufacturing, sourcing, or export controls.",2026-05-20T15:24:42Z
1972391,Will Tyrese Maxey win the 2026 Eastern Conference Finals MVP?,0.003,979.832003,12086.19272,FALSE,,NO DISRUPTION,"The 2026 Eastern Conference Finals MVP award is an NBA sports event unrelated to pharmaceutical manufacturing, raw material sourcing, or logistics.",2026-05-20T15:24:47Z
2313486,Counter-Strike: AM Gaming vs GenOne (BO3) - BC Game Masters Europe Series #2 Group Stage,0.215,9798.085881000005,13198.0109,FALSE,,NO DISRUPTION,"The Counter-Strike match between AM Gaming and GenOne is an esports event unrelated to pharmaceutical manufacturing, raw material sourcing, or logistics.",2026-05-21T15:52:37Z
1744225,Will the Bank of Mexico announce no change at the June meeting?,0.969,9795.624761999998,1615.10973,FALSE,,NO DISRUPTION,"Bank of Mexico's monetary policy decisions are macroeconomic in nature and do not directly impact pharmaceutical manufacturing, raw material sourcing, or logistics.",2026-05-20T15:35:39Z
2309388,Will the highest temperature in Taipei be 34°C on May 22?,0.2,979.412838,1059.72902,FALSE,,NO DISRUPTION,"Taipei's weather conditions (e.g., heatwaves) are unrelated to pharmaceutical supply chain disruptions in key manufacturing/export nations.",2026-05-21T15:52:43Z
2169003,"Will Italy send warships through the Strait of Hormuz by May 31, 2026?",0.009,97924.32226199996,21078.22111,FALSE,,NO DISRUPTION,"Italy’s warship transit through the Strait of Hormuz would primarily involve military operations unrelated to pharmaceutical supply chains, manufacturing, or trade flows.",2026-05-21T14:30:17Z
1494622,Will G2 Esports qualify to MSI 2026?,0.885,9790.837409,48.232,FALSE,,NO DISRUPTION,"MSI 2026 is a competitive esports tournament unrelated to pharmaceutical manufacturing, sourcing, or logistics.",2026-05-20T15:25:13Z
2271924,Will Opendoor Technologies Inc. (OPEN) hit (LOW) $4.00 Week of May 18 2026?,0.055,979.052726,3414.06,FALSE,,NO DISRUPTION,"Opendoor Technologies Inc. (OPEN) operates in the real estate tech sector, with no direct or indirect involvement in pharmaceutical manufacturing, raw material sourcing, or logistics.",2026-05-20T16:47:57Z
2037287,Will Dansby Swanson lead the MLB in runs for the 2026 regular season?,0.033,97.89,2476.25226,FALSE,,NO DISRUPTION,"The 2026 MLB regular season run-scoring leader market is unrelated to pharmaceutical supply chains, manufacturing, sourcing, or export controls.",2026-05-20T15:25:24Z
2132802,"Will Ethereum dip to $1,400 in May?",0.0065,97864.7202629999,73703.65909,FALSE,,NO DISRUPTION,"Ethereum price fluctuations are unrelated to pharmaceutical supply chain dynamics, manufacturing, sourcing, or export controls.",2026-05-20T15:28:11Z
1436463,Will the 2026 trade deficit be between 900B and 1T?,0.37,978.58416,5116.2241,TRUE,China; India; Germany; Ireland; USA; Italy; France; Belgium; Japan; South Korea; Singapore; UK; Netherlands; Israel; Canada; Australia,SMALL DISRUPTION,"A 2026 US trade deficit in the range of $900B–$1T would likely reflect broader macroeconomic pressures (e.g., geopolitical tensions, currency fluctuations, or global demand shifts) rather than targeted pharmaceutical supply chain disruptions, though secondary effects (e.g., delayed customs clearance or minor trade friction) could marginally impact logistics for API/generics exports from key pharma",2026-05-20T15:25:44Z
2244953,Arc FDV above $5B one day after launch?,0.42,97.8481,267.1,FALSE,,NO DISRUPTION,"Arc's governance token launch is unrelated to pharmaceutical supply chain operations, manufacturing, or trade in APIs/generics.",2026-05-20T15:25:49Z
1066080,Will Cameron Boozer be the first pick in the 2026 NBA draft?,0.031,9784.499461999994,7461.9271,FALSE,,NO DISRUPTION,"The 2026 NBA draft selection of Cameron Boozer is an entertainment/sports event unrelated to pharmaceutical manufacturing, raw material sourcing, or global trade logistics.",2026-05-21T14:30:41Z
943487,Will Tim Skelton be the Republican nominee for Senate in Oregon?,5e-4,9784.419133000005,2612.5986,FALSE,,NO DISRUPTION,"The Oregon Republican Senate Primary is an internal U.S. political election with no direct implications for global pharmaceutical manufacturing, sourcing, or export controls.",2026-05-20T15:25:54Z
1373645,Ink FDV above $250M one day after launch?,0.855,97834.01854500004,10272.1439,FALSE,,NO DISRUPTION,"Ink's token launch is unrelated to pharmaceutical supply chain operations, manufacturing, sourcing, or logistics.",2026-05-21T14:31:21Z
2306325,WTT - Women's Singles: Favour Ojo vs Cheon-Hui Joo,0.495,9.7826,0.0978,FALSE,,NO DISRUPTION,"The table tennis match between Favour Ojo and Cheon-Hui Joo is a sports event unrelated to pharmaceutical manufacturing, raw material sourcing, or logistics.",2026-05-20T15:26:05Z
2269345,"Will the price of Bitcoin be above $78,000 on May 22?",0.245,97809.98252699991,26616.6497,FALSE,,NO DISRUPTION,"Bitcoin price fluctuations are unrelated to pharmaceutical supply chain dynamics, manufacturing, sourcing, or export controls.",2026-05-21T15:52:48Z
1897406,Will New Zealand win on 2026-06-26?,0.07,977.860783,9768.3228,FALSE,,NO DISRUPTION,"The event is a sports match (presumably rugby or cricket) unrelated to pharmaceutical manufacturing, sourcing, or logistics in key pharma nations.",2026-05-21T14:30:53Z
2309399,Will the highest temperature in Chongqing be 30°C on May 22?,0.245,97.77695599999998,357.6632,FALSE,,NO DISRUPTION,"Weather conditions in Chongqing (e.g., temperature fluctuations) are unrelated to pharmaceutical supply chain operations, manufacturing, or export controls.",2026-05-21T14:31:04Z
2305186,"Will ""The Roast of Kevin Hart"" be the top global Netflix show this week?",0.023,97.776074,627.92142,FALSE,,NO DISRUPTION,"The event is unrelated to pharmaceutical supply chains, as it pertains to entertainment (Netflix show rankings) and does not involve geopolitical, trade, or manufacturing disruptions in key pharma source nations.",2026-05-20T15:33:53Z
1280324,Will any OpenAI GPT model score at least 70% on the FrontierMath Exam?,0.1795,9776.561652,919.15394,FALSE,,NO DISRUPTION,"FrontierMath Exam performance by OpenAI GPT models is unrelated to pharmaceutical supply chain operations, manufacturing, sourcing, or logistics.",2026-05-20T15:26:26Z
2316349,"Hyperliquid Up or Down - May 21, 7:45PM-8:00PM ET",0.5,97.764614,1667.1752,FALSE,,NO DISRUPTION,"Hyperliquid price movements on Chainlink's HYPE/USD data stream are unrelated to pharmaceutical supply chain dynamics, manufacturing, sourcing, or logistics.",2026-05-21T14:31:10Z
2142170,Will Coritiba FBC win on 2026-05-30?,0.14,97.734614,1019.4944,FALSE,,NO DISRUPTION,"Coritiba FBC is a Brazilian football club, and the game is unrelated to pharmaceutical manufacturing, sourcing, or logistics in key pharma-producing/exporting nations.",2026-05-21T14:31:16Z
1284339,Will the Democratic Party win the NY-21 House seat?,0.375,9773.119376,2193.4786,FALSE,,NO DISRUPTION,"The NY-21 House seat election is a domestic U.S. political contest with no direct impact on global pharmaceutical manufacturing, sourcing, or export controls.",2026-05-20T15:27:15Z
1971078,"Will SpaceX IPO by August 31, 2026?",0.9745,97722.46198000004,14243.56464,FALSE,,NO DISRUPTION,"SpaceX's IPO or corporate actions are unrelated to pharmaceutical manufacturing, raw material sourcing, or logistics, with no direct impact on API/generics supply chains.",2026-05-21T14:32:47Z
1835894,Will Alexis Tipton as Reze (Chainsaw Man – The Movie: Reze Arc) win Best Anime Voice Artist Performance (English) at the 2026 Crunchyroll Anime Awards?,0.15,9772.185036000004,1344.4989,FALSE,,NO DISRUPTION,"The 2026 Crunchyroll Anime Awards ceremony is an entertainment event unrelated to pharmaceutical manufacturing, sourcing, or logistics.",2026-05-20T16:48:52Z
2304178,OpenAI + Anthropic vs Google - higher valuation on December 31?,0.165,9.770111,12894.2062,FALSE,,NO DISRUPTION,"The valuation event between OpenAI + Anthropic and Google is unrelated to pharmaceutical manufacturing, raw material sourcing, or logistics, with no direct impact on API/generics supply chains.",2026-05-21T14:31:27Z
2309491,Will the highest temperature in Los Angeles be between 68-69°F on May 22?,0.365,976.9405520000004,968.0039,FALSE,,NO DISRUPTION,"Weather conditions in Los Angeles (e.g., temperature fluctuations) do not directly impact pharmaceutical supply chains, manufacturing, sourcing, or logistics of APIs, raw materials, or finished drugs.",2026-05-21T15:14:01Z
1698875,Will Elon Musk post 500-519 tweets in May 2026?,5e-4,97665.48574600002,32868.59736,FALSE,,NO DISRUPTION,"Elon Musk's tweet activity is unrelated to pharmaceutical supply chain operations, manufacturing, sourcing, or logistics.",2026-05-21T14:31:40Z
1720654,Will SpaceX's market cap be between $1.5T and $2.0T at market close on IPO day?,0.215,97661.1157309998,7695.1701,FALSE,,NO DISRUPTION,"SpaceX's IPO (if it occurs) is unrelated to pharmaceutical manufacturing, raw material sourcing, or logistics, with no direct impact on API/generics supply chains or export controls.",2026-05-21T14:34:33Z
2071561,Will DR Congo reach the 2026 FIFA World Cup final?,0.0095,97.66,246.0324,FALSE,,NO DISRUPTION,"The 2026 FIFA World Cup final involving DR Congo is a sports event unrelated to pharmaceutical manufacturing, sourcing, or logistics in key pharma-producing/exporting nations.",2026-05-20T15:26:51Z
2319762,Will the highest temperature in Seattle be between 66-67°F on May 23?,0.165,97.6534,1128.1371,FALSE,,NO DISRUPTION,"Weather conditions in Seattle (e.g., temperature fluctuations) do not impact pharmaceutical supply chains, manufacturing, or global sourcing/export logistics.",2026-05-21T15:16:17Z
1862940,Will Galatasaray SK win on 2026-05-01?,0.495,97.650212,0.4086,FALSE,,NO DISRUPTION,"The Galatasaray SK football match is a sports event unrelated to pharmaceutical manufacturing, raw material sourcing, or logistics in key pharma-producing/exporting nations.",2026-05-20T15:27:03Z
1087785,Will Beatriz Haddad Maia win the 2026 Women’s French Open?,0.0015,9763.689573000009,8973.1549,FALSE,,NO DISRUPTION,"The 2026 Women’s French Open tennis tournament is a sports event unrelated to pharmaceutical manufacturing, raw material sourcing, or logistics, with no direct impact on global API/generics supply chains.",2026-05-20T15:33:07Z
1395181,Will Eury Perez win the 2026 NL Cy Young Award?,5e-4,976.341,1021.32722,FALSE,,NO DISRUPTION,"The 2026 NL Cy Young Award is a sports event unrelated to pharmaceutical manufacturing, raw material sourcing, or logistics.",2026-05-20T15:27:20Z
1132823,Will Argentina’s annual inflation in 2026 be between 30% and 34.9%?,0.252,975.999121,1404.08736,TRUE,Argentina; China; India; USA; Germany; Brazil; South Korea,SMALL DISRUPTION,"High inflation in Argentina would weaken local currency (ARS), increasing import costs for pharma inputs (e.g., APIs, excipients) from key suppliers, while also reducing purchasing power for multinational pharma firms operating there, but without triggering major trade barriers or capacity losses in primary manufacturing hubs.",2026-05-20T15:27:33Z
692582,Will Ubisoft announce bankruptcy by June 30?,0.0605,9758.591408000011,3354.78622,FALSE,,NO DISRUPTION,"Ubisoft is a video game publisher (entertainment industry), with no direct or indirect involvement in pharmaceutical manufacturing, raw material sourcing, or logistics.",2026-05-20T15:33:31Z
2302647,"Will ""Black Phone 2"" be the top US Netflix movie this week?",0.005,975.6141780000002,3284.38542,FALSE,,NO DISRUPTION,"The release of a Netflix movie (*Black Phone 2*) is an entertainment event unrelated to pharmaceutical manufacturing, raw material sourcing, or logistics.",2026-05-21T14:31:46Z
1972628,Will the Bank of Korea decrease the base rate after the July Meeting?,0.045,9754.589994999998,2627.086,FALSE,,NO DISRUPTION,"Bank of Korea's monetary policy adjustments (e.g., base rate changes) are macroeconomic measures unrelated to pharmaceutical manufacturing, sourcing, or logistics in key pharma nations.",2026-05-20T15:27:44Z
701861,"Will Pump.fun reach $0.0058 by December 31, 2026?",0.165,975.38545,2112.3453,FALSE,,NO DISRUPTION,"Pump.fun is a cryptocurrency project with no direct or indirect ties to pharmaceutical manufacturing, raw material sourcing, or logistics infrastructure.",2026-05-20T15:27:50Z
969726,Will Tracie Burke be the Democratic nominee for Senate in Louisiana?,0.001,9753.619824000005,2520.32578,FALSE,,NO DISRUPTION,"The Louisiana Democratic Senate Primary is an internal U.S. political election with no direct impact on global pharmaceutical manufacturing, sourcing, or export controls.",2026-05-20T15:28:16Z
949816,Will Joe Flacco start Week 1 for the Chiefs in 2026?,0.399,97.51788,56.30088,FALSE,,NO DISRUPTION,"The NFL Week 1 quarterback decision for the Kansas City Chiefs is an unrelated sports event with no implications for pharmaceutical manufacturing, sourcing, or logistics.",2026-05-20T15:28:01Z
2078044,Spread: Racing Club (-2.5),0.38,97.510653,5962.0698,FALSE,,NO DISRUPTION,"The Copa Sudamericana football match between Racing Club and Caracas FC is a sports event unrelated to pharmaceutical manufacturing, raw material sourcing, or logistics in key pharma-producing/exporting nations.",2026-05-21T14:31:52Z
2312342,EWY (EWY) Up or Down on May 21?,0.855,975.080879,5146.2276,FALSE,,NO DISRUPTION,"The South Korea ETF (EWY) price movement on May 21, 2026, is unrelated to pharmaceutical supply chain disruptions, as South Korea is not a major API/generics manufacturing or export hub for the pharma industry.",2026-05-21T14:32:00Z
2298952,Will Databricks' valuation hit (HIGH) $200B by June 30?,0.075,97.47,1367.0415,FALSE,,NO DISRUPTION,"Databricks' valuation surge is a technology/private equity market event unrelated to pharmaceutical manufacturing, raw material sourcing, or logistics infrastructure.",2026-05-21T14:32:06Z
2299374,Will the highest temperature in Seattle be between 64-65°F on May 21?,0.0015,974.55659,1285.68713,FALSE,,NO DISRUPTION,"Weather conditions in Seattle (e.g., temperature fluctuations) do not impact pharmaceutical supply chains, manufacturing, or global sourcing/export logistics.",2026-05-21T15:52:53Z
1833904,"Will ""Gachiakuta"" win Best New Series at the 2026 Crunchyroll Anime Awards?",0.66,974.473187,1188.4936,FALSE,,NO DISRUPTION,"The 2026 Crunchyroll Anime Awards ceremony is an entertainment event unrelated to pharmaceutical manufacturing, raw material sourcing, or logistics.",2026-05-20T15:34:20Z
1283752,Will the Republican Party win the MD-06 House seat?,0.115,9743.608350000002,5280.5083,FALSE,,NO DISRUPTION,"The 2026 U.S. House election in Maryland's 6th district (MD-06) is an internal political contest with no direct implications for global pharmaceutical manufacturing, raw material sourcing, or export controls.",2026-05-20T15:28:44Z
2299984,Will OpenAI's valuation hit (HIGH) $3.0T by December 31?,0.085,9743.183987,147225.5625,FALSE,,NO DISRUPTION,"OpenAI's valuation surge is an economic/tech sector event unrelated to pharmaceutical manufacturing, raw material sourcing, or logistics infrastructure.",2026-05-21T14:32:30Z
1298648,OpenAI IPO closing market cap above $800B?,0.885,97422.27645500025,3967.7916,FALSE,,NO DISRUPTION,"OpenAI's IPO is unrelated to pharmaceutical manufacturing, raw material sourcing, or logistics, with no direct impact on API/generics supply chains or export controls.",2026-05-20T15:37:28Z
2294033,Will Plovdiv host Eurovision 2027?,0.005,974.1961319999998,5706.68301,FALSE,,NO DISRUPTION,"Eurovision 2027 in Plovdiv (Bulgaria) is an entertainment event with no direct link to pharmaceutical manufacturing, sourcing, or logistics disruptions.",2026-05-21T15:11:00Z
2319881,Will the highest temperature in Tokyo be 14°C or below on May 23?,0.007,97.395927,3320.07381,FALSE,,NO DISRUPTION,"Tokyo's weather conditions (e.g., temperature fluctuations) are unrelated to pharmaceutical supply chain operations, manufacturing, or trade in API/raw materials.",2026-05-21T15:52:58Z
2319703,Will the highest temperature in London be 31°C on May 23?,0.1,973.894055,2158.8794,FALSE,,NO DISRUPTION,"Extreme heat in London (31°C) on May 23, 2026, is unrelated to pharmaceutical supply chain operations, manufacturing, or trade in key API/generics-producing nations.",2026-05-21T15:53:04Z
2167615,Will LaBaron Philon be the 3rd overall pick in the 2026 NBA Draft?,0.0305,97.38,779.69768,FALSE,,NO DISRUPTION,"The 2026 NBA Draft selection of LaBaron Phon is an unrelated sports event with no direct or indirect impact on pharmaceutical supply chains, manufacturing, or trade.",2026-05-20T15:29:06Z
1698942,Will Elon Musk post 1400-1439 tweets in May 2026?,0.0015,97364.83695700002,14444.2505,FALSE,,NO DISRUPTION,"Elon Musk's tweets on X (formerly Twitter) are unrelated to pharmaceutical supply chain operations, manufacturing, sourcing, or logistics.",2026-05-21T14:32:41Z
2271963,"Will Coinbase Global, Inc. (COIN) hit (HIGH) $200 Week of May 18 2026?",0.275,973.098125,657.2599,FALSE,,NO DISRUPTION,"Coinbase Global's stock price movement is unrelated to pharmaceutical supply chain dynamics, manufacturing, raw material sourcing, or export controls.",2026-05-21T14:32:36Z
676788,Anysphere (Cursor) IPO before 2027?,0.048,97269.0076900001,4224.14195,FALSE,,NO DISRUPTION,"Anysphere (Cursor) is a data infrastructure company specializing in AI-driven analytics and cloud solutions, with no direct involvement in pharmaceutical manufacturing, API production, or raw material sourcing.",2026-05-20T15:31:01Z
921661,"Tshisekedi out as President of the DRC by December 31, 2026?",0.085,9726.214008000035,5659.2836,TRUE,China; India; Germany; Switzerland; Ireland; Italy; France; Belgium; Netherlands,SMALL DISRUPTION,"DRC’s political transition could trigger localized instability affecting key African raw material hubs (e.g., cobalt/lithium for APIs) and minor trade disruptions in European/Asian pharma supply chains via regulatory delays or port congestion.",2026-05-20T15:29:53Z
1439549,Fed rate cut by September 2026 meeting?,0.1395,97235.49027399984,17089.24819,FALSE,,NO DISRUPTION,"A Federal Reserve rate cut is a monetary policy decision unrelated to pharmaceutical manufacturing, raw material sourcing, or export controls.",2026-05-20T15:30:21Z
2309444,Will the highest temperature in Shenzhen be 23°C on May 22?,5e-4,972.171,17429.10118,FALSE,,NO DISRUPTION,"Weather conditions in Shenzhen (e.g., temperature fluctuations) do not directly impact pharmaceutical supply chains, manufacturing, or logistics.",2026-05-21T14:32:52Z
2099337,50m views on a MrBeast video in the first day by May 31?,0.0215,9719.72989,3825.43164,FALSE,,NO DISRUPTION,"MrBeast's YouTube video views are unrelated to pharmaceutical supply chains, manufacturing, sourcing, or logistics.",2026-05-21T15:53:09Z
1284258,Will the Republican Party win the NY-08 House seat?,0.075,9719.230514,7051.6071,FALSE,,NO DISRUPTION,"The NY-08 House seat election is a domestic U.S. political contest with no direct implications for global pharmaceutical manufacturing, sourcing, or export controls.",2026-05-20T15:30:04Z
2074133,"Will Airbnb, Inc. (ABNB) hit (HIGH) $148 in May?",0.0395,9713.582143,3497.52124,FALSE,,NO DISRUPTION,"Airbnb's stock price movement is unrelated to pharmaceutical supply chain dynamics, manufacturing, raw material sourcing, or export controls.",2026-05-21T14:32:57Z
1999689,Will Apple be the second-largest company in the world by market cap on May 31?,0.0705,97135.75724999997,16068.7531,FALSE,,NO DISRUPTION,"Apple’s market capitalization shift is unrelated to pharmaceutical manufacturing, raw material sourcing, or logistics infrastructure.",2026-05-21T14:33:50Z
1283648,Will the Republican Party win the MA-02 House seat?,0.065,9712.6634,10929.4563,FALSE,,NO DISRUPTION,"The MA-02 House seat election in Massachusetts is a domestic U.S. political contest with no direct implications for global pharmaceutical manufacturing, raw material sourcing, or export controls.",2026-05-20T15:30:26Z
1897444,Will Algeria vs. Austria end in a draw?,0.275,9.711537,6189.0696,FALSE,,NO DISRUPTION,"The Algeria vs. Austria football match is a sports event unrelated to pharmaceutical manufacturing, sourcing, or logistics in key pharma-producing/exporting nations.",2026-05-20T15:30:38Z
628951,Will Michael Younger win the California Governor Election in 2026?,0.0015,971084.5449960044,184370.88697,FALSE,,NO DISRUPTION,"California gubernatorial elections are domestic political events with no direct impact on global pharmaceutical manufacturing, sourcing, or export controls.",2026-05-20T15:36:50Z
582134,Will Liverpool finish in the top 4 of the EPL 2025–26 standings?,0.525,97101.52901300004,12870.5047,FALSE,,NO DISRUPTION,"The 2025–26 English Premier League season is a sports event unrelated to pharmaceutical manufacturing, raw material sourcing, or global trade flows.",2026-05-20T15:30:55Z
2271806,Will NVIDIA (NVDA) hit (LOW) $216 Week of May 18 2026?,0.525,9706.264032,6330.8625,FALSE,,NO DISRUPTION,"NVIDIA's stock price volatility is unrelated to pharmaceutical supply chain dynamics, manufacturing, raw material sourcing, or export controls.",2026-05-21T15:53:14Z
2244947,Arc FDV above $500M one day after launch?,0.93,97.042558,2729.8852,FALSE,,NO DISRUPTION,"Arc's governance token launch is unrelated to pharmaceutical supply chain operations, manufacturing, or trade in APIs/generics.",2026-05-20T15:31:06Z
1367025,Will Hudson Williams be named People's Sexiest Man Alive in 2026?,0.11,97.032704,406.2961,FALSE,,NO DISRUPTION,"Hudson Williams' recognition as *People* magazine's Sexiest Man Alive is an entertainment/media event unrelated to pharmaceutical manufacturing, sourcing, or logistics.",2026-05-20T15:31:12Z
2099260,"Will Trump say ""Nuke"" in May?",0.41,970.248066,55.571,FALSE,,NO DISRUPTION,"The term 'nuke' in a political context (e.g., 'nuclear' or 'nukes') would not directly trigger pharmaceutical supply chain disruptions unless tied to a geopolitical conflict or sanctions affecting key pharma-manufacturing nations, which is not implied by a single rhetorical use.",2026-05-21T14:33:04Z
2072469,Spread: Al Ittihad Saudi Club (-1.5),0.165,969.8516479999998,16342.5914,FALSE,,NO DISRUPTION,"The Saudi Professional League football match is unrelated to pharmaceutical manufacturing, raw material sourcing, or logistics, with no pharma trade implications.",2026-05-21T15:53:19Z
1980863,Bab el-Mandeb Strait effectively closed by May 31?,0.0335,969757.093906001,31983.41708,TRUE,China; India; Germany; Switzerland; Ireland; Italy; France; Belgium; Singapore; Netherlands; Israel; South Korea; Japan; UK; Canada; Australia,LARGE DISRUPTION,"The Bab el-Mandeb Strait closure would sever critical maritime trade routes for API/raw material shipments from key manufacturing/exporter nations, disrupting >5% of global generics/API capacity via sea-based logistics.",2026-05-21T14:33:18Z
700395,Will Lovable be acquired before 2027?,0.135,969500.6627129996,3114.3099,FALSE,,NO DISRUPTION,"Lovable operates primarily in the entertainment/tech sector (e.g., gaming, digital platforms), with no direct involvement in API manufacturing, raw material sourcing, or pharmaceutical logistics.",2026-05-20T15:31:36Z
1818374,Will Everton qualify for the League Phase of the 2026-27 UEFA Conference League?,0.0165,96.95,78.00298,FALSE,,NO DISRUPTION,"Everton FC's qualification for the 2026-27 UEFA Conference League is a sports event unrelated to pharmaceutical manufacturing, raw material sourcing, or global supply chain dynamics.",2026-05-20T15:31:43Z
704343,Will Joseph Chaplik be the Republican nominee for AZ-01?,0.251,9694.976501,5316.07781,FALSE,,NO DISRUPTION,"The U.S. congressional election in AZ-01 is unrelated to pharmaceutical manufacturing, raw material sourcing, or global API/generics trade.",2026-05-21T14:33:24Z
2271916,Will Opendoor Technologies Inc. (OPEN) hit (HIGH) $6.00 Week of May 18 2026?,0.0125,969.374783,1208.06447,FALSE,,NO DISRUPTION,"Opendoor Technologies Inc. (OPEN) operates in the real estate tech sector, with no direct or indirect involvement in pharmaceutical manufacturing, raw material sourcing, or logistics.",2026-05-20T15:37:48Z
2298930,Will SpaceX's valuation hit (LOW) $1.35T by June 30?,0.49,9691.777711,1170.8154,FALSE,,NO DISRUPTION,"SpaceX's valuation as a private company is unrelated to pharmaceutical supply chain dynamics, manufacturing, raw material sourcing, or export controls.",2026-05-21T15:11:16Z
2289389,"Will Bitcoin reach $90,000 May 18-24?",0.0025,96907.674359,24489.52086,FALSE,,NO DISRUPTION,"Bitcoin price fluctuations are unrelated to pharmaceutical supply chain dynamics, manufacturing, or trade in APIs/generics.",2026-05-21T15:11:21Z
2303011,"Ethereum Up or Down - May 21, 11AM ET",0.995,9689.997204,2534.6069,FALSE,,NO DISRUPTION,"Cryptocurrency price movements (e.g., Ethereum) are unrelated to pharmaceutical supply chain dynamics, manufacturing, raw material sourcing, or export controls.",2026-05-20T15:23:59Z
1341922,Spread: AD Ceuta FC (-1.5),0.5,968.849368,0.14326,FALSE,,NO DISRUPTION,"Football match outcomes in Spain (AD Ceuta FC vs. Córdoba CF) are unrelated to pharmaceutical supply chains, manufacturing, or trade.",2026-05-21T14:33:45Z
1402896,Les Wexner charged by June 30?,0.0715,9688.074847000002,3930.82555,FALSE,,NO DISRUPTION,"Leslie Wexner's legal proceedings (e.g., LBRY/OnlyFans controversies) lack direct ties to pharmaceutical manufacturing, sourcing, or export controls in key API/generics hubs.",2026-05-20T15:32:16Z
2074056,"Will Tesla, Inc. (TSLA) hit (LOW) $300 in May?",0.0205,9685.426618,10753.93253,FALSE,,NO DISRUPTION,"Tesla's stock price volatility is unrelated to pharmaceutical supply chain dynamics, manufacturing, raw material sourcing, or export controls.",2026-05-20T15:32:51Z
2235983,Will Crude Oil (CL) hit (HIGH) $105 by end of June?,0.71,9681.966613,5057.2582,TRUE,China; India; Germany; Singapore; Netherlands; Belgium; Italy; France,SMALL DISRUPTION,"Rising crude oil prices increase energy/transportation costs for API manufacturing, raw material sourcing, and logistics—particularly in energy-dependent nations like China and India—while also raising feedstock costs (e.g., petrochemical-derived intermediates) for generics producers in Europe.",2026-05-21T15:53:27Z
2285081,Will the price of Solana be between $40 and $50 on May 24?,0.0045,968.05,4638.062,FALSE,,NO DISRUPTION,"Solana (SOL) is a cryptocurrency unrelated to pharmaceutical supply chains, manufacturing, raw material sourcing, or logistics.",2026-05-21T14:33:55Z
1975417,Will xAI have the third best AI model at the end of May 2026?,0.0025,9679.607116,8004.35969,FALSE,,NO DISRUPTION,"xAI's AI model rankings are unrelated to pharmaceutical supply chain dynamics, manufacturing, sourcing, or logistics of APIs, raw materials, or finished drugs.",2026-05-21T15:11:33Z
1395165,Will Hunter Greene win the 2026 NL Cy Young Award?,0.0015,967.872833,1286.74746,FALSE,,NO DISRUPTION,"The 2026 NL Cy Young Award is a sports event unrelated to pharmaceutical manufacturing, raw material sourcing, or logistics.",2026-05-20T15:35:44Z
2318267,"Will Ethereum dip to $2,050 on May 21?",0.0355,9677.481878999995,10581.39793,FALSE,,NO DISRUPTION,"Ethereum price fluctuations are unrelated to pharmaceutical supply chain dynamics, manufacturing, raw material sourcing, or export controls.",2026-05-21T15:53:32Z
2001020,Will Partido Popular (PP) win 59-61 seats in the 2026 Andalusia Regional Election?,0.004,9673.832509000002,5221.60167,FALSE,,NO DISRUPTION,"Regional elections in Andalusia (Spain) are unrelated to pharmaceutical manufacturing, raw material sourcing, or global API/generics trade flows.",2026-05-21T15:11:39Z
2293602,Will the price of Solana be above $110 on May 25?,0.0155,96.72888,3578.71493,FALSE,,NO DISRUPTION,"Solana (SOL) price fluctuations are unrelated to pharmaceutical supply chain dynamics, manufacturing, raw material sourcing, or export controls.",2026-05-21T15:11:44Z
1797433,Will Brighton & Hove Albion qualify for the League Phase of the 2026-27 UEFA Champions League?,0.1745,9672.568750000002,530.57698,FALSE,,NO DISRUPTION,"The 2026-27 UEFA Champions League qualification for Brighton & Hove Albion is a sports event unrelated to pharmaceutical manufacturing, sourcing, or logistics.",2026-05-21T14:34:13Z
1328018,"Will Anthropic’s market cap be between $400B and $600B at market close on IPO day by December 31, 2027?",0.011,9668.770792000005,20052.57348,FALSE,,NO DISRUPTION,"Anthropic’s IPO and valuation are unrelated to pharmaceutical supply chain dynamics, manufacturing, sourcing, or logistics.",2026-05-21T14:34:19Z
960224,Will Jack Ellison be the Republican Nominee for SC-01?,0.012,966.651516,3198.77664,FALSE,,NO DISRUPTION,"The 2026 U.S. House of Representatives primary for SC-01 is an internal political contest unrelated to pharmaceutical manufacturing, raw material sourcing, or global trade in APIs/generics.",2026-05-20T15:33:19Z
1090010,"Will Rafael Fiziev be the UFC Lightweight Champion on December 31, 2026?",0.002,966.643,635.02714,FALSE,,NO DISRUPTION,"The UFC Lightweight Championship title change is a sports entertainment event unrelated to pharmaceutical manufacturing, raw material sourcing, or global trade logistics.",2026-05-20T15:33:25Z
2110295,U.S. issues passport with Trump's face on it by July 31?,0.655,9666.337806000014,20963.9575,FALSE,,NO DISRUPTION,"The issuance of U.S. passports featuring Donald Trump’s face is an internal political/entertainment event with no direct or indirect implications for pharmaceutical manufacturing, raw material sourcing, or global trade logistics.",2026-05-21T15:11:56Z
2261160,"Will the price of Ethereum be above $2,200 on May 21?",5e-4,96631.368039,7359.60379,FALSE,,NO DISRUPTION,"Cryptocurrency price fluctuations (e.g., Ethereum) are unrelated to pharmaceutical supply chain dynamics, manufacturing, sourcing, or export controls.",2026-05-21T15:53:38Z
2302639,"BNB Up or Down - May 21, 10AM ET",5e-4,96.59249,105055.93204,FALSE,,NO DISRUPTION,"BNB/USDT cryptocurrency price movements are unrelated to pharmaceutical supply chain dynamics, manufacturing, sourcing, or export controls.",2026-05-21T15:11:50Z
2241205,Will PlayTime win DreamLeague Season 29?,0.043,965.9082,517.59244,FALSE,,NO DISRUPTION,"DreamLeague Season 29 is a Dota 2 esports tournament with no direct or indirect ties to pharmaceutical manufacturing, raw material sourcing, or logistics.",2026-05-21T15:53:44Z
1068690,"Will Phantom launch a token by June 30, 2026?",0.019,9658.542599,1940.06056,FALSE,,NO DISRUPTION,"Phantom is a blockchain-based decentralized identity protocol with no direct ties to pharmaceutical manufacturing, raw material sourcing, or logistics infrastructure.",2026-05-20T15:33:36Z
1126694,Will Cristiano Ronaldo announce his retirement in 2026?,0.13,9658.370957,87.8819,FALSE,,NO DISRUPTION,"Cristiano Ronaldo's retirement from club soccer is unrelated to pharmaceutical supply chain operations, manufacturing, or trade dynamics.",2026-05-20T15:35:33Z
1067181,"Will Citigroup fail by June 30, 2026?",0.0085,9657.885857,2398.91419,FALSE,,NO DISRUPTION,"Citigroup’s failure would primarily impact financial markets, lending, and capital flows—not pharma manufacturing, raw material sourcing, or logistics infrastructure.",2026-05-20T15:33:42Z
2299844,Will the highest temperature in Qingdao be 27°C on May 21?,5e-4,965.389341,5252.09874,FALSE,,NO DISRUPTION,"Weather conditions in Qingdao (e.g., temperature fluctuations) do not directly impact pharmaceutical supply chains, manufacturing, or logistics of APIs, raw materials, or finished drugs.",2026-05-21T14:34:46Z
2313836,Set Handicap: Svrcina (-1.5) vs Faurel (+1.5),5e-4,96.534135,60230.46235,FALSE,,NO DISRUPTION,"The tennis match between Dalibor Svrcina and Thomas Faurel at Roland Garros is an entertainment event unrelated to pharmaceutical manufacturing, sourcing, or logistics.",2026-05-21T14:34:53Z
1283448,Will the Republican Party win the IN-02 House seat?,0.925,965.199555,6182.5163,FALSE,,NO DISRUPTION,"The 2026 IN-02 House seat election in the U.S. is unrelated to pharmaceutical manufacturing, raw material sourcing, or global API/generics trade flows.",2026-05-20T15:33:59Z
839394,Will Canada win Group B in the 2026 FIFA World Cup?,0.265,9650.858011,10998.668,FALSE,,NO DISRUPTION,"The 2026 FIFA World Cup in the U.S., Canada, and Mexico is a sports event with no direct or indirect impact on pharmaceutical manufacturing, raw material sourcing, or logistics in key pharma-producing/exporting nations.",2026-05-21T14:35:06Z
1486004,Decibel FDV above $200M one day after launch?,0.365,96.5,20.2822,FALSE,,NO DISRUPTION,"Decibel's governance token launch is unrelated to pharmaceutical supply chain operations, manufacturing, or trade in APIs/generics.",2026-05-20T15:34:04Z
1363329,Will Trump wear a Yarmulke in 2026?,0.41,9649.861385000007,8002.5769,FALSE,,NO DISRUPTION,"Donald Trump's religious attire is a personal/entertainment matter unrelated to pharmaceutical manufacturing, sourcing, or global trade dynamics.",2026-05-21T14:35:20Z
2314677,"XRP Up or Down - May 22, 3PM ET",0.51,96.490565,985.461,FALSE,,NO DISRUPTION,"XRP/USDT cryptocurrency price movements on Binance are unrelated to pharmaceutical supply chain dynamics, manufacturing, or trade in APIs/generics.",2026-05-21T14:35:28Z
2313682,"XRP Up or Down - May 21, 12:25PM-12:30PM ET",0.505,9.647057,3548.8348,FALSE,,NO DISRUPTION,"XRP price movements are unrelated to pharmaceutical supply chain dynamics, manufacturing, sourcing, or export controls.",2026-05-21T14:35:35Z
664895,"Will MetaMask launch a token by September 30, 2026?",0.125,964497.5134930018,3585.5327,FALSE,,NO DISRUPTION,"MetaMask's potential token launch is unrelated to pharmaceutical supply chains, manufacturing, raw material sourcing, or export controls.",2026-05-20T15:34:25Z
1833968,"Will ""Lazarus"" win Best Original Anime at the 2026 Crunchyroll Anime Awards?",0.27,964.404841,1311.9116,FALSE,,NO DISRUPTION,"The 2026 Crunchyroll Anime Awards are an entertainment industry event unrelated to pharmaceutical manufacturing, sourcing, or logistics.",2026-05-21T14:35:42Z
2159621,Will the Senate pass a reconciliation bill by May 22?,0.73,96423.95957099988,8924.7062,FALSE,,NO DISRUPTION,"US Senate reconciliation bills typically address domestic policy (e.g., healthcare, tax, infrastructure) without direct implications for global API/generics manufacturing, sourcing, or export controls.",2026-05-21T15:53:49Z
